{"Alito, Samuel": {"num_cases": 69, "sentiment": -0.7586485822547765, "avg_len": 4356409, "years": ["2006", "2007", "2008", "2009", "2010", "2011", "2012", "2013", "2014", "2015", "2016"]}, "Kennedy, Anthony": {"num_cases": 252, "sentiment": 1.9606627290629728, "avg_len": 13288713, "years": ["1988", "1987", "1989", "1990", "1991", "1992", "1993", "1994", "1995", "1996", "1997", "1998", "1999", "2000", "2001", "2002", "2003", "2004", "2005", "2006", "2007", "2008", "2009", "2010", "2011", "2012", "2013", "2014", "2015", "2016"]}, "Blackmun, Harry": {"num_cases": 313, "sentiment": 10.448370133396322, "avg_len": 3727122, "years": ["1970", "1971", "1972", "1973", "1974", "1975", "1976", "1977", "1978", "1979", "1980", "1981", "1982", "1983", "1984", "1985", "1986", "1987", "1988", "1989", "1990", "1991", "1992", "1993", "1994"]}, "Reed, Stanley": {"num_cases": 104, "sentiment": 3.0991240027267635, "avg_len": 2495199, "years": ["1946", "1947", "1945", "1948", "1949", "1950", "1951", "1952", "1953", "1954", "1955", "1956"]}, "Black, Hugo": {"num_cases": 308, "sentiment": 8.163206260736514, "avg_len": 4250274, "years": ["1946", "1947", "1948", "1949", "1950", "1951", "1952", "1953", "1954", "1955", "1956", "1957", "1958", "1959", "1960", "1961", "1962", "1963", "1964", "1965", "1966", "1967", "1968", "1969", "1970", "1971"]}, "Marshall, Thurgood": {"num_cases": 321, "sentiment": 9.128128407992104, "avg_len": 3568240, "years": ["1967", "1968", "1969", "1970", "1971", "1972", "1973", "1974", "1975", "1976", "1977", "1978", "1979", "1980", "1981", "1982", "1983", "1984", "1985", "1986", "1987", "1988", "1989", "1990", "1991"]}, "Clark, Tom": {"num_cases": 215, "sentiment": 2.9502396810704252, "avg_len": 2810683, "years": ["1949", "1950", "1951", "1952", "1953", "1954", "1955", "1956", "1957", "1958", "1959", "1960", "1961", "1962", "1963", "1964", "1965", "1966", "1967"]}, "Thomas, Clarence": {"num_cases": 193, "sentiment": 5.50343491806193, "avg_len": 6936469, "years": ["1991", "1992", "1993", "1994", "1995", "1996", "1997", "1998", "1999", "2000", "2001", "2002", "2003", "2004", "2005", "2006", "2007", "2008", "2009", "2010", "2011", "2012", "2013", "2014", "2015", "2016"]}, "Rutledge, Wiley": {"num_cases": 28, "sentiment": 1.6016518525890486, "avg_len": 888063, "years": ["1946", "1947", "1948", "1949"]}, "Scalia, Antonin": {"num_cases": 272, "sentiment": 4.510833516177167, "avg_len": 8957540, "years": ["1986", "1987", "1988", "1989", "1990", "1991", "1992", "1993", "1994", "1995", "1996", "1997", "1998", "1999", "2000", "2001", "2002", "2003", "2004", "2005", "2006", "2007", "2008", "2009", "2010", "2011", "2012", "2013", "2014", "2015"]}, "Burger, Warren": {"num_cases": 256, "sentiment": -1.823296068517734, "avg_len": 2692089, "years": ["1969", "1970", "1971", "1972", "1973", "1974", "1975", "1976", "1977", "1978", "1979", "1980", "1981", "1982", "1983", "1984", "1985", "1986"]}, "Douglas, William": {"num_cases": 365, "sentiment": 9.506868996277033, "avg_len": 4446374, "years": ["1945", "1946", "1947", "1948", "1949", "1950", "1951", "1952", "1953", "1954", "1955", "1956", "1957", "1958", "1959", "1960", "1961", "1962", "1963", "1964", "1965", "1966", "1967", "1968", "1969", "1970", "1971", "1972", "1973", "1974"]}, "Powell, Lewis": {"num_cases": 252, "sentiment": -0.1976762740623935, "avg_len": 2497340, "years": ["1972", "1973", "1974", "1975", "1976", "1977", "1978", "1979", "1980", "1981", "1982", "1983", "1984", "1985", "1986", "1987"]}, "Vinson, Fred": {"num_cases": 76, "sentiment": 2.3835696230558083, "avg_len": 1595655, "years": ["1946", "1947", "1948", "1949", "1950", "1951", "1952", "1953"]}, "Roberts, John": {"num_cases": 72, "sentiment": 1.667510870972455, "avg_len": 5094448, "years": ["2005", "2006", "2007", "2008", "2009", "2010", "2011", "2012", "2013", "2014", "2015", "2016"]}, "Stevens, John": {"num_cases": 394, "sentiment": 8.416469915535382, "avg_len": 9993326, "years": ["1975", "1976", "1977", "1978", "1979", "1980", "1981", "1982", "1983", "1984", "1985", "1986", "1987", "1988", "1989", "1990", "1991", "1992", "1993", "1994", "1995", "1996", "1997", "1998", "1999", "2000", "2001", "2002", "2003", "2004", "2005", "2006", "2007", "2008", "2009", "2010"]}, "Goldberg, Arthur": {"num_cases": 36, "sentiment": 2.1586843565302574, "avg_len": 794171, "years": ["1962", "1961", "1963", "1964", "1965"]}, "Frankfurter, Felix": {"num_cases": 153, "sentiment": 2.403854698032611, "avg_len": 2828794, "years": ["1946", "1944", "1947", "1948", "1949", "1950", "1951", "1952", "1953", "1954", "1955", "1956", "1957", "1958", "1959", "1960", "1961", "1962"]}, "Ginsburg, Ruth": {"num_cases": 180, "sentiment": 4.339590290339047, "avg_len": 8124143, "years": ["1993", "1994", "1995", "1996", "1997", "1998", "1999", "2000", "2001", "2002", "2003", "2004", "2005", "2006", "2007", "2008", "2009", "2010", "2011", "2012", "2013", "2014", "2015", "2016"]}, "Warren, Earl": {"num_cases": 166, "sentiment": 3.561676512923969, "avg_len": 3051632, "years": ["1953", "1954", "1952", "1955", "1956", "1957", "1958", "1959", "1960", "1961", "1962", "1963", "1964", "1965", "1966", "1967", "1968", "1969"]}, "Kagan, Elena": {"num_cases": 41, "sentiment": 0.047445387888821716, "avg_len": 2050638, "years": ["2010", "2011", "2012", "2013", "2014", "2015", "2016"]}, "Burton, Harold": {"num_cases": 90, "sentiment": 7.830703848520225, "avg_len": 1794631, "years": ["1946", "1945", "1947", "1948", "1949", "1950", "1951", "1952", "1953", "1954", "1955", "1956", "1957", "1958"]}, "Brennan, William": {"num_cases": 448, "sentiment": 7.373984422770903, "avg_len": 5736603, "years": ["1956", "1957", "1958", "1959", "1960", "1961", "1962", "1963", "1964", "1965", "1966", "1967", "1968", "1969", "1970", "1971", "1972", "1973", "1974", "1975", "1976", "1977", "1978", "1979", "1980", "1981", "1982", "1983", "1984", "1985", "1986", "1987", "1988", "1989", "1990"]}, "Harlan, John": {"num_cases": 171, "sentiment": 5.245427170039061, "avg_len": 3220106, "years": ["1955", "1954", "1956", "1957", "1958", "1959", "1960", "1961", "1962", "1963", "1964", "1965", "1966", "1967", "1968", "1969", "1970", "1971"]}, "Stewart, Potter": {"num_cases": 313, "sentiment": -3.2389678066734846, "avg_len": 3877032, "years": ["1958", "1959", "1960", "1961", "1962", "1963", "1964", "1965", "1966", "1967", "1968", "1969", "1970", "1971", "1972", "1973", "1974", "1975", "1976", "1977", "1978", "1979", "1980", "1981"]}, "Breyer, Stephen": {"num_cases": 172, "sentiment": 1.6227328331357989, "avg_len": 8565185, "years": ["1994", "1995", "1996", "1997", "1998", "1999", "2000", "2001", "2002", "2003", "2004", "2005", "2006", "2007", "2008", "2009", "2010", "2011", "2012", "2013", "2014", "2015", "2016"]}, "Souter, David": {"num_cases": 155, "sentiment": 3.014414394634099, "avg_len": 6186153, "years": ["1990", "1991", "1992", "1993", "1994", "1995", "1996", "1997", "1998", "1999", "2000", "2001", "2002", "2003", "2004", "2005", "2006", "2007", "2008", "2009"]}, "null": {"num_cases": 1450, "sentiment": 68.47526846688991, "avg_len": 7424876, "years": ["1947", "1948", "1949", "1950", "1951", "1952", "1953", "1954", "1955", "1956", "1957", "1958", "1959", "1960", "1961", "1962", "1963", "1964", "1965", "1966", "1967", "1968", "1969", "1970", "1971", "1972", "1973", "1974", "1975", "1976", "1977", "1978", "1979", "1980", "1981", "1982", "1983", "1984", "1985", "1986", "1987", "1988", "1989", "1990", "1991", "1992", "1993", "1994", "1995", "1996", "1999", "2001", "2002", "2003", "2004", "2005", "2006", "2007", "2008", "2010", "2012", "2013", "2016"]}, "Jackson, Robert": {"num_cases": 89, "sentiment": 2.2892889564936345, "avg_len": 1814269, "years": ["1945", "1946", "1947", "1948", "1949", "1950", "1951", "1952", "1953", "1954"]}, "Sotomayor, Sonia": {"num_cases": 48, "sentiment": -0.30687536596433584, "avg_len": 2315291, "years": ["2009", "2010", "2011", "2012", "2013", "2014", "2015", "2016"]}, "White, Byron": {"num_cases": 469,